종목코드,종목명,시장구분,업종명,종가,대비,등락률,시가총액
"095570","AJ네트웍스","KOSPI","일반서비스","4930","-160","-3.14","223096101870"
"006840","AK홀딩스","KOSPI","기타금융","8340","-50","-0.60","110484658740"
"027410","BGF","KOSPI","기타금융","5170","-120","-2.27","494855809470"
"282330","BGF리테일","KOSPI","유통","129100","-3300","-2.49","2231352264600"
"138930","BNK금융지주","KOSPI","기타금융","18130","-70","-0.38","5626229108290"
"001460","BYC","KOSPI","섬유·의류","49800","-1000","-1.97","311058270000"
"001465","BYC우","KOSPI","섬유·의류","34000","100","0.29","73230900000"
"001040","CJ","KOSPI","기타금융","215500","-9000","-4.01","6287643069000"
"079160","CJ CGV","KOSPI","오락·문화","4780","-185","-3.73","791483723820"
"00104K","CJ4우(전환)","KOSPI","기타금융","186700","-6300","-3.26","789089790400"
"000120","CJ대한통운","KOSPI","운송·창고","99700","-1600","-1.58","2274390696800"
"011150","CJ씨푸드","KOSPI","음식료·담배","2645","-55","-2.04","95036894585"
"011155","CJ씨푸드1우","KOSPI","음식료·담배","13170","-80","-0.60","2634000000"
"001045","CJ우","KOSPI","기타금융","88600","-2200","-2.42","200255757800"
"097950","CJ제일제당","KOSPI","음식료·담배","230000","-11000","-4.56","3462462780000"
"097955","CJ제일제당 우","KOSPI","음식료·담배","136700","-1100","-0.80","181460091100"
"000480","CR홀딩스","KOSPI","비금속","5020","-20","-0.40","235390259800"
"000590","CS홀딩스","KOSPI","기타금융","80200","0","0.00","92589456400"
"012030","DB","KOSPI","IT 서비스","1957","-13","-0.66","393697386881"
"005830","DB손해보험","KOSPI","보험","162000","-4800","-2.88","10611056538000"
"016610","DB증권","KOSPI","증권","15610","1100","7.58","662588132290"
"000990","DB하이텍","KOSPI","전기·전자","162000","300","0.19","7047743256000"
"000300","DH오토넥스","KOSPI","운송장비·부품","4200","0","0.00","174035631000"
"001530","DI동일","KOSPI","유통","28850","-1650","-5.41","597645665850"
"015590","DKME","KOSPI","기계·장비","515","0","0.00","122045495160"
"000210","DL","KOSPI","화학","65500","-1900","-2.82","1372610402000"
"000215","DL우","KOSPI","화학","28750","-500","-1.71","48475806250"
"375500","DL이앤씨","KOSPI","건설","93100","1800","1.97","3602376301300"
"37550L","DL이앤씨2우(전환)","KOSPI","건설","55600","1200","2.21","117424475600"
"37550K","DL이앤씨우","KOSPI","건설","30150","700","2.38","63733632750"
"007340","DN오토모티브","KOSPI","전기·전자","49500","-1600","-3.13","2896287817500"
"004840","DRB동일","KOSPI","화학","5110","-170","-3.22","98481780040"
"155660","DSR","KOSPI","금속","4480","-120","-2.61","71680000000"
"069730","DSR제강","KOSPI","금속","5600","-130","-2.27","80640000000"
"017860","DS단석","KOSPI","화학","24850","950","3.97","441314604150"
"092780","DYP","KOSPI","운송장비·부품","5050","-170","-3.26","66500723000"
"017940","E1","KOSPI","유통","104800","400","0.38","718928000000"
"365550","ESR켄달스퀘어리츠","KOSPI","부동산","4200","-185","-4.22","1033573800000"
"383220","F&F","KOSPI","섬유·의류","78500","1900","2.48","3007105387500"
"007700","F&F홀딩스","KOSPI","기타금융","19940","-310","-1.53","779940477980"
"114090","GKL","KOSPI","오락·문화","11970","-410","-3.31","740412369900"
"078930","GS","KOSPI","기타금융","76900","-4000","-4.94","7145192568200"
"006360","GS건설","KOSPI","건설","35450","-500","-1.39","3033863820500"
"001250","GS글로벌","KOSPI","유통","4605","-60","-1.29","380067983220"
"007070","GS리테일","KOSPI","유통","22450","-600","-2.60","1876986466750"
"078935","GS우","KOSPI","기타금융","57500","400","0.70","102627495000"
"499790","GS피앤엘","KOSPI","기타금융","54500","-700","-1.27","1080780834500"
"012630","HDC","KOSPI","기타금융","27650","-450","-1.60","1651858585650"
"039570","HDC랩스","KOSPI","건설","8130","-210","-2.52","211035296130"
"089470","HDC현대EP","KOSPI","화학","5550","-230","-3.98","177045000000"
"267270","HD건설기계","KOSPI","기계·장비","187700","-3400","-1.78","9004741948600"
"009540","HD한국조선해양","KOSPI","기타금융","452500","-17000","-3.62","32024834990000"
"267250","HD현대","KOSPI","기타금융","285500","-17000","-5.62","22552525767500"
"443060","HD현대마린솔루션","KOSPI","일반서비스","260500","-9000","-3.34","11679116330000"
"071970","HD현대마린엔진","KOSPI","기계·장비","100100","-7000","-6.54","3395541649500"
"322000","HD현대에너지솔루션","KOSPI","전기·전자","213500","-7500","-3.39","2391200000000"
"267260","HD현대일렉트릭","KOSPI","전기·전자","1389000","90000","6.93","50069470515000"
"329180","HD현대중공업","KOSPI","운송장비·부품","648000","-32000","-4.71","68014873800000"
"097230","HJ중공업","KOSPI","건설","27850","-950","-3.30","2514725330400"
"014790","HL D&I","KOSPI","건설","3390","-60","-1.74","128340657390"
"003580","HLB글로벌","KOSPI","유통","2145","-65","-2.94","108673218225"
"204320","HL만도","KOSPI","운송장비·부품","57000","-1000","-1.72","2676555840000"
"060980","HL홀딩스","KOSPI","기타금융","42000","-1250","-2.89","381311574000"
"011200","HMM","KOSPI","운송·창고","20550","-600","-2.84","19383540283500"
"035000","HS애드","KOSPI","일반서비스","8700","-290","-3.23","141006502800"
"002460","HS화성","KOSPI","건설","13750","-250","-1.79","139562500000"
"487570","HS효성","KOSPI","기타금융","68300","1700","2.55","254480814100"
"298050","HS효성첨단소재","KOSPI","화학","258500","-8500","-3.18","1158066558000"
"015360","INVENI","KOSPI","일반서비스","16180","-30","-0.19","440905000000"
"294870","IPARK현대산업개발","KOSPI","건설","22050","-550","-2.43","1453256626500"
"175330","JB금융지주","KOSPI","기타금융","26550","-800","-2.93","4998132655200"
"234080","JW생명과학","KOSPI","제약","12560","-260","-2.03","198881998240"
"001060","JW중외제약","KOSPI","제약","30100","-600","-1.95","700906493000"
"001067","JW중외제약2우B","KOSPI","제약","54700","-500","-0.91","11485523100"
"001065","JW중외제약우","KOSPI","제약","25700","-300","-1.15","8788140700"
"096760","JW홀딩스","KOSPI","기타금융","4085","-155","-3.66","301983388070"
"008970","KBI동양철관","KOSPI","금속","1850","-10","-0.54","191968777950"
"105560","KB금융","KOSPI","기타금융","158900","1100","0.70","59245937299500"
"415640","KB발해인프라","KOSPI","기타금융","9900","-90","-0.90","1213200925200"
"432320","KB스타리츠","KOSPI","부동산","2040","20","0.99","206885141400"
"002380","KCC","KOSPI","화학","623000","49000","8.54","5536271433000"
"344820","KCC글라스","KOSPI","비금속","28350","-600","-2.07","452764015200"
"009070","KCTC","KOSPI","운송·창고","5850","-160","-2.66","175500000000"
"009440","KC그린홀딩스","KOSPI","기타금융","756","0","0.00","17568790596"
"119650","KC코트렐","KOSPI","기계·장비","918","0","0.00","100782913662"
"092220","KEC","KOSPI","전기·전자","1838","0","0.00","369002653158"
"003620","KG모빌리티","KOSPI","운송장비·부품","4330","-110","-2.48","876283368960"
"016380","KG스틸","KOSPI","금속","7100","110","1.57","710063168700"
"001390","KG케미칼","KOSPI","화학","6320","-230","-3.51","424912749600"
"001940","KISCO홀딩스","KOSPI","금속","25550","-1050","-3.95","362206509000"
"025000","KPX케미칼","KOSPI","화학","54000","-100","-0.18","236450286000"
"092230","KPX홀딩스","KOSPI","화학","90100","-1200","-1.31","380640604600"
"000040","KR모터스","KOSPI","운송장비·부품","426","-10","-2.29","36795828384"
"044450","KSS해운","KOSPI","운송·창고","12270","-490","-3.84","283263747600"
"030200","KT","KOSPI","통신","58500","-2100","-3.47","14743268572500"
"033780","KT&G","KOSPI","음식료·담배","175400","-4200","-2.34","20114283533000"
"058850","KTcs","KOSPI","IT 서비스","2625","-60","-2.23","108686681250"
"058860","KTis","KOSPI","IT 서비스","2830","-40","-1.39","98489660000"
"093050","LF","KOSPI","섬유·의류","24700","-350","-1.40","722228000000"
"003550","LG","KOSPI","기타금융","103000","700","0.68","15884823255000"
"034220","LG디스플레이","KOSPI","전기·전자","12760","450","3.66","6380000000000"
"051900","LG생활건강","KOSPI","화학","267500","-12000","-4.29","4093407782500"
"051905","LG생활건강우","KOSPI","화학","115500","-2800","-2.37","242515003500"
"064400","LG씨엔에스","KOSPI","IT 서비스","67000","1100","1.67","6491358516000"
"373220","LG에너지솔루션","KOSPI","전기·전자","482000","10000","2.12","112788000000000"
"003555","LG우","KOSPI","기타금융","72800","600","0.83","219215287200"
"032640","LG유플러스","KOSPI","통신","15400","-590","-3.69","6619356667000"
"011070","LG이노텍","KOSPI","전기·전자","632000","37000","6.22","14957611624000"
"066570","LG전자","KOSPI","전기·전자","154900","11700","8.17","25231101346300"
"066575","LG전자우","KOSPI","전기·전자","65400","4000","6.51","1123963876800"
"037560","LG헬로비전","KOSPI","오락·문화","2285","-65","-2.77","176966086525"
"051910","LG화학","KOSPI","화학","423500","-5500","-1.28","29895857260500"
"051915","LG화학우","KOSPI","화학","194100","-2000","-1.02","1492396080000"
"079550","LIG디펜스앤에어로스페이스","KOSPI","금속","979000","-4000","-0.41","21538000000000"
"006260","LS","KOSPI","기타금융","531000","22000","4.32","16567200000000"
"010120","LS ELECTRIC","KOSPI","전기·전자","315500","21500","7.31","47325000000000"
"000680","LS네트웍스","KOSPI","유통","4200","-10","-0.24","330972667200"
"229640","LS에코에너지","KOSPI","기타금융","92100","1700","1.88","2820551355900"
"108320","LX세미콘","KOSPI","전기·전자","61600","-1500","-2.38","1001880880000"
"001120","LX인터내셔널","KOSPI","유통","49850","-2450","-4.68","1932186000000"
"108670","LX하우시스","KOSPI","화학","41250","-1250","-2.94","369916387500"
"108675","LX하우시스우","KOSPI","화학","19110","-830","-4.16","19727826300"
"383800","LX홀딩스","KOSPI","기타금융","9160","-40","-0.43","698731120400"
"38380K","LX홀딩스1우","KOSPI","기타금융","8730","-140","-1.58","12791938050"
"023150","MH에탄올","KOSPI","음식료·담배","4450","-35","-0.78","32834440700"
"035420","NAVER","KOSPI","IT 서비스","208000","-1000","-0.48","32625348704000"
"036570","NC","KOSPI","IT 서비스","261500","-6000","-2.24","5633761753000"
"181710","NHN","KOSPI","IT 서비스","40900","300","0.74","1339603385100"
"400760","NH올원리츠","KOSPI","부동산","3210","-60","-1.83","176322972750"
"005940","NH투자증권","KOSPI","증권","38450","2000","5.49","13701440988050"
"005945","NH투자증권우","KOSPI","증권","29200","1000","3.55","551032265600"
"338100","NH프라임리츠","KOSPI","부동산","4600","-75","-1.60","85836000000"
"034310","NICE","KOSPI","일반서비스","14120","-640","-4.34","519011056840"
"030190","NICE평가정보","KOSPI","IT 서비스","14740","-290","-1.93","868355907980"
"008260","NI스틸","KOSPI","금속","4050","-50","-1.22","115830473850"
"004250","NPC","KOSPI","화학","3805","-125","-3.18","139719600000"
"004255","NPC우","KOSPI","화학","2405","0","0.00","12698400000"
"456040","OCI","KOSPI","화학","141900","-2400","-1.66","1270359040500"
"010060","OCI홀딩스","KOSPI","기타금융","337500","-18000","-5.06","6301203300000"
"178920","PI첨단소재","KOSPI","화학","31250","750","2.46","917697562500"
"001340","PKC","KOSPI","화학","7350","-40","-0.54","330150291450"
"005490","POSCO홀딩스","KOSPI","금속","506000","4000","0.80","40096212662000"
"010950","S-Oil","KOSPI","화학","122000","-6000","-4.69","13735100624000"
"010955","S-Oil우","KOSPI","화학","58700","-800","-1.34","236087114900"
"034120","SBS","KOSPI","오락·문화","15770","-250","-1.56","292553023260"
"003080","SB성보","KOSPI","화학","2600","-70","-2.62","52052000000"
"005090","SGC에너지","KOSPI","전기·가스","56300","-4200","-6.94","811245447900"
"001380","SG글로벌","KOSPI","운송장비·부품","1098","0","0.00","49370629014"
"004060","SG세계물산","KOSPI","유통","4205","-685","-14.01","85119695680"
"001770","SHD","KOSPI","금속","16990","80","0.47","20640777220"
"002360","SH에너지화학","KOSPI","화학","358","0","0.00","39785875340"
"009160","SIMPAC","KOSPI","금속","6360","-80","-1.24","415759356480"
"033530","SJG세종","KOSPI","운송장비·부품","7780","-110","-1.39","216447076580"
"123700","SJM","KOSPI","운송장비·부품","3830","0","0.00","59766759340"
"025530","SJM홀딩스","KOSPI","유통","3835","-30","-0.78","57271920680"
"034730","SK","KOSPI","기타금융","520000","44500","9.36","37701405560000"
"011790","SKC","KOSPI","화학","161200","37200","30.00","6104369637600"
"018670","SK가스","KOSPI","유통","262000","-4500","-1.69","2425397928000"
"001740","SK네트웍스","KOSPI","유통","6680","90","1.37","1339967178520"
"006120","SK디스커버리","KOSPI","기타금융","62900","7300","13.13","1095324937900"
"006125","SK디스커버리우","KOSPI","기타금융","43650","1400","3.31","53763923250"
"210980","SK디앤디","KOSPI","부동산","12750","-130","-1.01","237371620500"
"395400","SK리츠","KOSPI","부동산","6030","-460","-7.09","1815136248600"
"302440","SK바이오사이언스","KOSPI","제약","44100","800","1.85","3459933987300"
"326030","SK바이오팜","KOSPI","일반서비스","98500","-800","-0.81","7713855125000"
"402340","SK스퀘어","KOSPI","기타금융","1089000","98000","9.89","143702682354000"
"361610","SK아이이테크놀로지","KOSPI","전기·전자","26800","0","0.00","2191894280000"
"100090","SK오션플랜트","KOSPI","금속","23150","-350","-1.49","1446368686350"
"03473K","SK우","KOSPI","기타금융","350000","24000","7.36","198147250000"
"096770","SK이노베이션","KOSPI","화학","146700","1000","0.69","24800043999600"
"096775","SK이노베이션우","KOSPI","화학","79100","100","0.13","98750496600"
"475150","SK이터닉스","KOSPI","건설","54700","-500","-0.91","1863465118800"
"001510","SK증권","KOSPI","증권","5640","450","8.67","1304504279400"
"001515","SK증권우","KOSPI","증권","13150","390","3.06","25724779550"
"285130","SK케미칼","KOSPI","화학","58200","-1500","-2.51","1006788181200"
"28513K","SK케미칼우","KOSPI","화학","27400","-450","-1.62","57962754600"
"017670","SK텔레콤","KOSPI","통신","95500","-1900","-1.95","20512450061500"
"000660","SK하이닉스","KOSPI","전기·전자","1601000","154000","10.64","1141036486365000"
"003570","SNT다이내믹스","KOSPI","운송장비·부품","55800","-3500","-5.90","1855500492600"
"064960","SNT모티브","KOSPI","운송장비·부품","34100","-400","-1.16","905023275200"
"100840","SNT에너지","KOSPI","기계·장비","64100","5500","9.39","1325638190300"
"036530","SNT홀딩스","KOSPI","기타금융","60300","-800","-1.31","983124325800"
"000390","SP삼화","KOSPI","화학","8890","-370","-4.00","241838839410"
"011810","STX","KOSPI","유통","3530","0","0.00","109493282310"
"465770","STX그린로지스","KOSPI","운송·창고","3865","-155","-3.86","27716038680"
"077970","STX엔진","KOSPI","기계·장비","57800","-2200","-3.67","2320558041400"
"002820","SUN&L","KOSPI","화학","2370","-10","-0.42","29880933930"
"002170","SYTS","KOSPI","섬유·의류","58100","-900","-1.53","174300000000"
"084870","TBH글로벌","KOSPI","섬유·의류","2040","-85","-4.00","42547910760"
"002710","TCC스틸","KOSPI","금속","20150","170","0.85","528205994550"
"069260","TKG휴켐스","KOSPI","화학","18020","-420","-2.28","736632155760"
"007980","TP","KOSPI","섬유·의류","2095","-45","-2.10","98249948250"
"002900","TYM","KOSPI","기계·장비","8130","-190","-2.28","336582000000"
"024070","WISCOM","KOSPI","화학","2710","-100","-3.56","41534646980"
"037270","YG PLUS","KOSPI","IT 서비스","4915","-135","-2.67","312904185650"
"139130","iM금융지주","KOSPI","기타금융","18980","-320","-1.66","3048654585340"
"000500","가온전선","KOSPI","전기·전자","367000","78500","27.21","6071323205000"
"000860","강남제비스코","KOSPI","화학","15820","-530","-3.24","205660000000"
"035250","강원랜드","KOSPI","오락·문화","16410","-540","-3.19","3510763605000"
"011420","갤럭시아에스엠","KOSPI","오락·문화","1895","10","0.53","52206575380"
"002100","경농","KOSPI","화학","10420","-180","-1.70","203425231500"
"009450","경동나비엔","KOSPI","전기·전자","74800","-2100","-2.73","1089730681600"
"267290","경동도시가스","KOSPI","전기·가스","22850","-150","-0.65","134710027100"
"012320","경동인베스트","KOSPI","기타금융","65700","-1300","-1.94","155382011100"
"000050","경방","KOSPI","유통","10130","-190","-1.84","277716685100"
"214390","경보제약","KOSPI","제약","6460","-190","-2.86","154438315600"
"012610","경인양행","KOSPI","화학","5330","-300","-5.33","221815225450"
"009140","경인전자","KOSPI","전기·전자","23400","-100","-0.43","36756649800"
"013580","계룡건설","KOSPI","건설","28650","-50","-0.17","255870485550"
"012200","계양전기","KOSPI","기계·장비","6820","-310","-4.35","185659693780"
"012205","계양전기우","KOSPI","기계·장비","8100","-370","-4.37","9469539900"
"002140","고려산업","KOSPI","음식료·담배","2750","-90","-3.17","68583418750"
"010130","고려아연","KOSPI","금속","1747000","118000","7.24","36465076843000"
"002240","고려제강","KOSPI","금속","25000","-400","-1.57","675000000000"
"009290","광동제약","KOSPI","제약","8110","-240","-2.87","403876442880"
"017040","광명전기","KOSPI","전기·전자","932","0","0.00","40390657180"
"017900","광전자","KOSPI","전기·전자","10490","60","0.58","607830073870"
"037710","광주신세계","KOSPI","유통","37700","-400","-1.05","299986063000"
"030610","교보증권","KOSPI","증권","15810","1100","7.48","1801754413410"
"339770","교촌에프앤비","KOSPI","유통","4300","-145","-3.26","214849844000"
"007690","국도화학","KOSPI","화학","39650","-1250","-3.06","367191988800"
"002720","국제약품","KOSPI","제약","4480","-230","-4.88","94796047360"
"083420","그린케미칼","KOSPI","화학","6080","-170","-2.72","145920000000"
"014530","극동유화","KOSPI","화학","3740","-155","-3.98","130411630800"
"014280","금강공업","KOSPI","금속","5730","350","6.51","168057215610"
"014285","금강공업우","KOSPI","금속","7140","110","1.56","4211707500"
"008870","금비","KOSPI","비금속","44900","-100","-0.22","44900000000"
"001570","금양","KOSPI","화학","9900","0","0.00","633275240400"
"002990","금호건설","KOSPI","건설","5360","-120","-2.19","198302633600"
"002995","금호건설우","KOSPI","건설","14510","-270","-1.83","4240779660"
"011780","금호석유화학","KOSPI","화학","140100","-4300","-2.98","3524541232500"
"011785","금호석유화학우","KOSPI","화학","59300","-1000","-1.66","179292719800"
"214330","금호에이치티","KOSPI","운송장비·부품","3435","-170","-4.72","74898976185"
"001210","금호전기","KOSPI","전기·전자","879","-42","-4.56","54392592957"
"073240","금호타이어","KOSPI","화학","5530","-140","-2.47","1588549387110"
"092440","기신정기","KOSPI","기계·장비","2360","-50","-2.07","68912000000"
"000270","기아","KOSPI","운송장비·부품","154600","600","0.39","60357849490800"
"024110","기업은행","KOSPI","은행","21600","-500","-2.26","17224398770400"
"013700","까뮤이앤씨","KOSPI","건설","1349","-43","-3.09","80603869670"
"004540","깨끗한나라","KOSPI","종이·목재","1943","-56","-2.80","72358666499"
"004545","깨끗한나라우","KOSPI","종이·목재","10520","-60","-0.57","3852003200"
"001260","남광토건","KOSPI","건설","9440","-340","-3.48","92819479680"
"008350","남선알미늄","KOSPI","금속","2050","-60","-2.84","264612134500"
"008355","남선알미우","KOSPI","금속","13370","-390","-2.83","4116489300"
"004270","남성","KOSPI","유통","7120","-410","-5.44","25783057920"
"003920","남양유업","KOSPI","음식료·담배","51000","-900","-1.73","306000000000"
"003925","남양유업우","KOSPI","음식료·담배","37350","-600","-1.58","74700000000"
"025860","남해화학","KOSPI","화학","10530","-1080","-9.30","523118216790"
"005720","넥센","KOSPI","화학","7010","-190","-2.64","368333278770"
"005725","넥센우","KOSPI","화학","4650","-50","-1.06","16742790000"
"002350","넥센타이어","KOSPI","화학","7140","-210","-2.86","697348641780"
"002355","넥센타이어1우B","KOSPI","화학","4310","-40","-0.92","28015000000"
"092790","넥스틸","KOSPI","금속","20150","1350","7.18","523940300000"
"251270","넷마블","KOSPI","IT 서비스","48450","-1050","-2.12","3970979974950"
"090350","노루페인트","KOSPI","화학","8530","-200","-2.29","170600000000"
"090355","노루페인트우","KOSPI","화학","13310","-240","-1.77","6164207060"
"000320","노루홀딩스","KOSPI","기타금융","22000","0","0.00","292405322000"
"000325","노루홀딩스우","KOSPI","기타금융","30100","-750","-2.43","7331125900"
"006280","녹십자","KOSPI","제약","135800","-1700","-1.24","1587031860400"
"005250","녹십자홀딩스","KOSPI","일반서비스","13570","-380","-2.72","638172809700"
"005257","녹십자홀딩스2우","KOSPI","일반서비스","22550","-250","-1.10","19077074500"
"004370","농심","KOSPI","음식료·담배","376500","-4500","-1.18","2290114713000"
"072710","농심홀딩스","KOSPI","기타금융","95200","-2000","-2.06","441517608000"
"058730","다스코","KOSPI","금속","3620","-130","-3.47","72212560020"
"030210","다올투자증권","KOSPI","증권","5000","375","8.11","304555530000"
"023590","다우기술","KOSPI","IT 서비스","50100","2400","5.03","2168694331200"
"145210","다이나믹디자인","KOSPI","기계·장비","224","0","0.00","9461013632"
"483650","달바글로벌","KOSPI","화학","217500","-6000","-2.68","2701684950000"
"019680","대교","KOSPI","일반서비스","1460","-37","-2.47","123666161000"
"019685","대교우B","KOSPI","일반서비스","1037","-13","-1.24","20145788630"
"006370","대구백화점","KOSPI","유통","5710","-270","-4.52","61791398810"
"008060","대덕","KOSPI","기타금융","16900","500","3.05","528751956200"
"00806K","대덕1우","KOSPI","기타금융","11900","300","2.59","14427048300"
"353200","대덕전자","KOSPI","전기·전자","125400","11000","9.62","6196882395000"
"35320K","대덕전자1우","KOSPI","전기·전자","32700","6450","24.57","68523471300"
"000490","대동","KOSPI","기계·장비","10430","-180","-1.70","300664201950"
"005750","대림바스","KOSPI","비금속","5480","-180","-3.18","91363875200"
"006570","대림통상","KOSPI","금속","2010","-10","-0.50","30602250000"
"001680","대상","KOSPI","음식료·담배","20050","-400","-1.96","694692901250"
"001685","대상우","KOSPI","음식료·담배","16690","-60","-0.36","22869021870"
"084690","대상홀딩스","KOSPI","기타금융","9250","-170","-1.80","334965976500"
"084695","대상홀딩스우","KOSPI","기타금융","13900","-400","-2.80","12697399800"
"128820","대성산업","KOSPI","유통","6800","-370","-5.16","307601250400"
"117580","대성에너지","KOSPI","전기·가스","8590","-320","-3.59","236225000000"
"016710","대성홀딩스","KOSPI","일반서비스","8390","-150","-1.76","134990561010"
"0030R0","대신밸류리츠","KOSPI","기타금융","4300","-40","-0.92","257054000000"
"003540","대신증권","KOSPI","증권","42200","2250","5.63","2077073998600"
"003547","대신증권2우B","KOSPI","증권","23400","550","2.41","229397992200"
"003545","대신증권우","KOSPI","증권","24400","450","1.88","614676674800"
"009190","대양금속","KOSPI","금속","1585","46","2.99","68460310625"
"014160","대영포장","KOSPI","종이·목재","1145","-32","-2.72","124111758605"
"047040","대우건설","KOSPI","건설","32200","50","0.16","13231225943600"
"003090","대웅","KOSPI","제약","21850","-550","-2.46","1270402263000"
"069620","대웅제약","KOSPI","제약","143200","-4500","-3.05","1659197540000"
"000430","대원강업","KOSPI","운송장비·부품","4175","-185","-4.24","258850000000"
"006340","대원전선","KOSPI","전기·전자","18040","690","3.98","1414596064640"
"006345","대원전선우","KOSPI","전기·전자","12920","0","0.00","33865904000"
"003220","대원제약","KOSPI","제약","10320","-220","-2.09","231452656560"
"024890","대원화성","KOSPI","화학","906","0","0.00","37371731712"
"012800","대창","KOSPI","금속","1699","-62","-3.52","154847707801"
"015230","대창단조","KOSPI","운송장비·부품","7160","-140","-1.92","194348319200"
"001070","대한방직","KOSPI","섬유·의류","6630","-280","-4.05","35139000000"
"006650","대한유화","KOSPI","화학","170700","-9200","-5.11","1109550000000"
"001440","대한전선","KOSPI","전기·전자","69200","8500","14.00","12902153160000"
"084010","대한제강","KOSPI","금속","12400","-10","-0.08","426207790400"
"001790","대한제당","KOSPI","음식료·담배","2820","-70","-2.42","252944355600"
"001795","대한제당우","KOSPI","음식료·담배","2455","-15","-0.61","15915175800"
"001130","대한제분","KOSPI","음식료·담배","156500","0","0.00","264485000000"
"439260","대한조선","KOSPI","운송장비·부품","86500","-3000","-3.35","3332525988000"
"003490","대한항공","KOSPI","운송·창고","24550","50","0.20","9039817227550"
"003495","대한항공우","KOSPI","운송·창고","23300","-250","-1.06","25881500200"
"005880","대한해운","KOSPI","운송·창고","2570","-30","-1.15","829460663800"
"003830","대한화섬","KOSPI","화학","118400","-4200","-3.43","157235200000"
"016090","대현","KOSPI","섬유·의류","1798","-40","-2.18","79619593380"
"069460","대호에이엘","KOSPI","금속","532","0","0.00","46322278464"
"475560","더본코리아","KOSPI","유통","20450","-400","-1.92","303231986500"
"192080","더블유게임즈","KOSPI","IT 서비스","58900","-2400","-3.92","1247117265200"
"012510","더존비즈온","KOSPI","IT 서비스","120000","0","0.00","3647378400000"
"004830","덕성","KOSPI","화학","4590","-215","-4.47","71971200000"
"004835","덕성우","KOSPI","화학","6710","-270","-3.87","9340320000"
"145720","덴티움","KOSPI","의료·정밀기기","51300","-1500","-2.84","442405608300"
"002150","도화엔지니어링","KOSPI","일반서비스","6760","-180","-2.59","227947200000"
"460850","동국씨엠","KOSPI","금속","6480","-210","-3.14","193743290880"
"460860","동국제강","KOSPI","금속","14430","-280","-1.90","715843685310"
"001230","동국홀딩스","KOSPI","기타금융","11400","0","0.00","362525506200"
"023450","동남합성","KOSPI","화학","31150","250","0.81","109025000000"
"004140","동방","KOSPI","운송·창고","2830","-140","-4.71","135760097780"
"007590","동방아그로","KOSPI","화학","6070","-70","-1.14","82658692390"
"005960","동부건설","KOSPI","건설","9730","190","1.99","223271030990"
"005965","동부건설우","KOSPI","건설","19800","-50","-0.25","4469493600"
"026960","동서","KOSPI","유통","25100","-1100","-4.20","2502470000000"
"002210","동성제약","KOSPI","제약","973","0","0.00","94010780311"
"102260","동성케미컬","KOSPI","화학","4315","-55","-1.26","218639285165"
"000640","동아쏘시오홀딩스","KOSPI","기타금융","97000","-1500","-1.52","653055119000"
"170900","동아에스티","KOSPI","제약","43050","-550","-1.26","418782607950"
"028100","동아지질","KOSPI","건설","17740","-780","-4.21","237529765480"
"001520","동양","KOSPI","비금속","779","-24","-2.99","185934885077"
"001527","동양2우B","KOSPI","비금속","7350","-140","-1.87","2267982150"
"084670","동양고속","KOSPI","운송·창고","35800","-1700","-4.53","103661370200"
"082640","동양생명","KOSPI","보험","8070","-180","-2.18","1302163780950"
"001525","동양우","KOSPI","비금속","4380","20","0.46","2705661780"
"018500","동원금속","KOSPI","운송장비·부품","1848","-55","-2.89","86403116184"
"006040","동원산업","KOSPI","기타금융","37900","-650","-1.69","1673208669400"
"030720","동원수산","KOSPI","농업, 임업 및 어업","7630","10","0.13","35508532150"
"014820","동원시스템즈","KOSPI","화학","26600","-1000","-3.62","771168101200"
"014825","동원시스템즈우","KOSPI","화학","16420","-280","-1.68","4336702620"
"111380","동인기연","KOSPI","섬유·의류","13860","-320","-2.26","84934080000"
"163560","동일고무벨트","KOSPI","화학","7390","-160","-2.12","102721000000"
"004890","동일산업","KOSPI","금속","38500","-850","-2.16","93370777500"
"002690","동일제강","KOSPI","금속","1658","-57","-3.32","33657996880"
"000020","동화약품","KOSPI","제약","5940","-60","-1.00","165912931800"
"000150","두산","KOSPI","전기·전자","1790000","85000","4.99","28986964650000"
"000157","두산2우B","KOSPI","전기·전자","630000","29000","4.83","562613940000"
"454910","두산로보틱스","KOSPI","기계·장비","104700","-3100","-2.88","6786651906000"
"241560","두산밥캣","KOSPI","기계·장비","72600","-1400","-1.89","6959150319000"
"034020","두산에너빌리티","KOSPI","기계·장비","127000","-200","-0.16","81351265542000"
"000155","두산우","KOSPI","전기·전자","713000","31000","4.55","2849477406000"
"336260","두산퓨얼셀","KOSPI","전기·전자","78300","17700","29.21","5128158745800"
"33626K","두산퓨얼셀1우","KOSPI","전기·전자","11630","1600","15.95","155425646000"
"33626L","두산퓨얼셀2우B","KOSPI","전기·전자","13320","2000","17.67","39777516000"
"016740","두올","KOSPI","운송장비·부품","4800","20","0.42","137635315200"
"192650","드림텍","KOSPI","전기·전자","6590","-200","-2.95","454539971410"
"024090","디씨엠","KOSPI","금속","12440","20","0.16","141816000000"
"003160","디아이","KOSPI","의료·정밀기기","35450","1650","4.88","1003235000000"
"092200","디아이씨","KOSPI","운송장비·부품","7180","-280","-3.75","279219925420"
"377190","디앤디플랫폼리츠","KOSPI","부동산","2950","-135","-4.38","260780000000"
"013570","디와이","KOSPI","기타금융","5200","-80","-1.52","136862091600"
"024900","디와이덕양","KOSPI","운송장비·부품","2195","-85","-3.73","71480131100"
"002880","디와이에이","KOSPI","운송장비·부품","940","-34","-3.49","43967555300"
"210540","디와이파워","KOSPI","기계·장비","15370","-930","-5.71","169711051960"
"032350","롯데관광개발","KOSPI","일반서비스","20400","-450","-2.16","1623870069600"
"089860","롯데렌탈","KOSPI","일반서비스","31950","-1050","-3.18","1160084946600"
"330590","롯데리츠","KOSPI","부동산","4080","-190","-4.45","1178993046720"
"000400","롯데손해보험","KOSPI","보험","2170","-25","-1.14","673429814400"
"023530","롯데쇼핑","KOSPI","유통","131800","-6700","-4.84","3728457909000"
"020150","롯데에너지머티리얼즈","KOSPI","전기·전자","78500","0","0.00","4110688845500"
"280360","롯데웰푸드","KOSPI","음식료·담배","117700","-3500","-2.89","1095148359800"
"286940","롯데이노베이트","KOSPI","IT 서비스","22000","-900","-3.93","332846074000"
"004000","롯데정밀화학","KOSPI","화학","64800","-1800","-2.70","1671840000000"
"004990","롯데지주","KOSPI","기타금융","29350","-700","-2.33","2925131825600"
"00499K","롯데지주우","KOSPI","기타금융","29000","-800","-2.68","23362487000"
"005300","롯데칠성","KOSPI","음식료·담배","120300","-6100","-4.83","1116249745200"
"005305","롯데칠성우","KOSPI","음식료·담배","80100","-1800","-2.20","62102331000"
"011170","롯데케미칼","KOSPI","화학","100800","-5400","-5.08","4311762235200"
"071840","롯데하이마트","KOSPI","유통","7800","-90","-1.14","184140153600"
"027740","마니커","KOSPI","음식료·담배","821","0","0.00","52142718188"
"357430","마스턴프리미어리츠","KOSPI","부동산","1129","-96","-7.84","34440491603"
"001080","만호제강","KOSPI","금속","5150","-10","-0.19","213725000000"
"088980","맥쿼리인프라","KOSPI","기타금융","11250","-50","-0.44","5387872421250"
"094800","맵스리얼티","KOSPI","기타금융","6100","-900","-12.86","566289419100"
"138040","메리츠금융지주","KOSPI","기타금융","111600","-1800","-1.59","18675955666800"
"090370","메타랩스","KOSPI","섬유·의류","1413","-44","-3.02","35190325557"
"118000","메타케어","KOSPI","유통","208","0","0.00","35729691712"
"017180","명문제약","KOSPI","제약","1721","-55","-3.10","58433894334"
"009900","명신산업","KOSPI","운송장비·부품","12750","-530","-3.99","668994195750"
"317450","명인제약","KOSPI","제약","54300","-1700","-3.04","792780000000"
"012690","모나리자","KOSPI","종이·목재","2305","-90","-3.76","84296742775"
"005360","모나미","KOSPI","유통","1690","-15","-0.88","31936448830"
"070960","모나용평","KOSPI","일반서비스","3090","-30","-0.96","148731998970"
"009680","모토닉","KOSPI","운송장비·부품","10890","-80","-0.73","236673393660"
"009580","무림P&P","KOSPI","종이·목재","2880","-115","-3.84","179620773120"
"009200","무림페이퍼","KOSPI","종이·목재","1977","-53","-2.61","82261605870"
"033920","무학","KOSPI","음식료·담배","8790","-40","-0.45","250515000000"
"008420","문배철강","KOSPI","금속","2810","-175","-5.86","57614849050"
"025560","미래산업","KOSPI","의료·정밀기기","16550","550","3.44","84253203400"
"007120","미래아이앤지","KOSPI","IT 서비스","1851","-22","-1.17","53454303408"
"396690","미래에셋글로벌리츠","KOSPI","부동산","2000","-35","-1.72","79211880000"
"357250","미래에셋맵스리츠","KOSPI","부동산","2285","-5","-0.22","57113814925"
"085620","미래에셋생명","KOSPI","보험","16480","40","0.24","2227766400000"
"006800","미래에셋증권","KOSPI","증권","83800","13500","19.20","46891704544000"
"00680K","미래에셋증권2우B","KOSPI","증권","23800","3250","15.82","3248700000000"
"006805","미래에셋증권우","KOSPI","증권","25850","3300","14.63","363858137500"
"081660","미스토홀딩스","KOSPI","유통","39000","-1350","-3.35","2070581760000"
"002840","미원상사","KOSPI","화학","143300","-8600","-5.66","680675000000"
"268280","미원에스씨","KOSPI","화학","119100","-1200","-1.00","595500000000"
"107590","미원홀딩스","KOSPI","기타금융","62700","200","0.32","145464000000"
"134380","미원화학","KOSPI","화학","12820","-70","-0.54","281946157600"
"003650","미창석유","KOSPI","화학","120500","-1300","-1.07","209630476000"
"377740","바이오노트","KOSPI","제약","5020","-30","-0.59","511467960960"
"003610","방림","KOSPI","섬유·의류","5370","-470","-8.05","215885588460"
"035150","백산","KOSPI","화학","11950","-320","-2.61","239344649950"
"002410","범양건영","KOSPI","건설","1935","0","0.00","53173451700"
"007210","벽산","KOSPI","비금속","2090","-90","-4.13","136602400000"
"002760","보락","KOSPI","화학","1093","-34","-3.02","65470700000"
"003850","보령","KOSPI","제약","9760","-250","-2.50","837283140320"
"000890","보해양조","KOSPI","음식료·담배","422","0","0.00","58286694438"
"003000","부광약품","KOSPI","제약","6170","-120","-1.91","608761020070"
"001270","부국증권","KOSPI","증권","79000","2600","3.40","819220994000"
"001275","부국증권우","KOSPI","증권","36600","200","0.55","109800000000"
"026940","부국철강","KOSPI","금속","2915","5","0.17","58300000000"
"011390","부산산업","KOSPI","비금속","75900","-900","-1.17","80150400000"
"005030","부산주공","KOSPI","운송장비·부품","486","0","0.00","45092532168"
"006740","블루산업개발","KOSPI","종이·목재","589","0","0.00","33558621332"
"002070","비비안","KOSPI","섬유·의류","11850","-2150","-15.36","17774289000"
"100220","비상교육","KOSPI","오락·문화","7110","-290","-3.92","92406828510"
"090460","비에이치","KOSPI","전기·전자","32050","100","0.31","1080454792900"
"005180","빙그레","KOSPI","음식료·담배","72600","-1800","-2.42","672931650600"
"003960","사조대림","KOSPI","음식료·담배","31800","-450","-1.40","291430050600"
"008040","사조동아원","KOSPI","음식료·담배","1043","0","0.00","147213817800"
"007160","사조산업","KOSPI","음식료·담배","53000","100","0.19","265000000000"
"014710","사조씨푸드","KOSPI","음식료·담배","7920","-150","-1.86","136370860560"
"006090","사조오양","KOSPI","음식료·담배","8350","-70","-0.83","78679870650"
"062040","산일전기","KOSPI","전기·전자","319500","-14000","-4.20","9781764075000"
"005610","삼립","KOSPI","음식료·담배","48050","-1450","-2.93","414623882450"
"001470","삼부토건","KOSPI","건설","347","0","0.00","79699592928"
"028050","삼성E&A","KOSPI","일반서비스","53000","-2000","-3.64","10388000000000"
"448730","삼성FN리츠","KOSPI","부동산","5560","-210","-3.64","506238000000"
"006400","삼성SDI","KOSPI","전기·전자","698000","-7000","-0.99","56248699940000"
"006405","삼성SDI우","KOSPI","전기·전자","355500","0","0.00","575162028000"
"006660","삼성공조","KOSPI","운송장비·부품","14680","1550","11.81","119294289520"
"028260","삼성물산","KOSPI","유통","375500","55500","17.34","60894452365500"
"02826K","삼성물산우B","KOSPI","유통","220000","24900","12.76","322869800000"
"207940","삼성바이오로직스","KOSPI","제약","1480000","-5000","-0.34","68510607480000"
"032830","삼성생명","KOSPI","보험","298000","33000","12.45","59600000000000"
"018260","삼성에스디에스","KOSPI","IT 서비스","170000","3100","1.86","13154226000000"
"0126Z0","삼성에피스홀딩스","KOSPI","기타금융","515000","-14000","-2.65","12814770235000"
"009150","삼성전기","KOSPI","전기·전자","912000","-6000","-0.65","68120650752000"
"009155","삼성전기우","KOSPI","전기·전자","382000","6000","1.60","1110467888000"
"005930","삼성전자","KOSPI","전기·전자","266000","33500","14.41","1555110109728000"
"005935","삼성전자우","KOSPI","전기·전자","189300","19700","11.62","151888868727900"
"001360","삼성제약","KOSPI","제약","1896","-96","-4.82","178531301784"
"010140","삼성중공업","KOSPI","운송장비·부품","31850","-400","-1.24","28028000000000"
"016360","삼성증권","KOSPI","증권","149500","11600","8.41","13350350000000"
"068290","삼성출판사","KOSPI","오락·문화","8390","-500","-5.62","83900000000"
"029780","삼성카드","KOSPI","기타금융","51600","-900","-1.71","5978318775600"
"000810","삼성화재","KOSPI","보험","480500","7000","1.48","21453110776500"
"000815","삼성화재우","KOSPI","보험","375000","2000","0.54","1127632500000"
"006110","삼아알미늄","KOSPI","금속","65700","-1100","-1.65","993610993500"
"0120G0","삼양바이오팜","KOSPI","제약","72100","-1500","-2.04","536126227000"
"145990","삼양사","KOSPI","음식료·담배","46750","-950","-1.99","482153740750"
"145995","삼양사우","KOSPI","음식료·담배","33300","-350","-1.04","12323331000"
"003230","삼양식품","KOSPI","음식료·담배","1294000","-22000","-1.67","9747721410000"
"272550","삼양패키징","KOSPI","화학","11170","-440","-3.79","168314095020"
"000070","삼양홀딩스","KOSPI","기타금융","66200","-2000","-2.93","513923244200"
"003720","삼영","KOSPI","화학","12910","410","3.28","438940000000"
"002810","삼영무역","KOSPI","유통","20550","-200","-0.96","379495781400"
"005680","삼영전자","KOSPI","전기·전자","15400","-350","-2.22","308000000000"
"023000","삼원강재","KOSPI","운송장비·부품","2430","30","1.25","97200000000"
"004380","삼익THK","KOSPI","기계·장비","11590","-280","-2.36","239913000000"
"002450","삼익악기","KOSPI","기타제조","1230","-4","-0.32","111353025450"
"004440","삼일씨엔에스","KOSPI","비금속","7500","-160","-2.09","95489602500"
"000520","삼일제약","KOSPI","제약","9180","0","0.00","199130824980"
"009770","삼정펄프","KOSPI","종이·목재","31350","350","1.13","78374090850"
"005500","삼진제약","KOSPI","제약","18350","-290","-1.56","244422000000"
"004690","삼천리","KOSPI","전기·가스","148000","-500","-0.34","536762996000"
"010960","삼호개발","KOSPI","건설","3880","-65","-1.65","93585600000"
"004450","삼화왕관","KOSPI","금속","28750","-100","-0.35","61938396250"
"009470","삼화전기","KOSPI","전기·전자","47650","-950","-1.95","315148523000"
"011230","삼화전자","KOSPI","전기·전자","2365","-85","-3.47","45327081525"
"001820","삼화콘덴서","KOSPI","전기·전자","66900","-1500","-2.19","695425500000"
"001290","상상인증권","KOSPI","증권","1401","65","4.87","151780305120"
"041650","상신브레이크","KOSPI","운송장비·부품","2690","-85","-3.06","57758200500"
"075180","새론오토모티브","KOSPI","운송장비·부품","2990","-25","-0.83","57408000000"
"007540","샘표","KOSPI","기타금융","50300","-800","-1.57","144652740000"
"248170","샘표식품","KOSPI","음식료·담배","26950","-250","-0.92","123115307700"
"007860","서연","KOSPI","기타금융","9330","-150","-1.58","219066944520"
"200880","서연이화","KOSPI","운송장비·부품","14070","-240","-1.68","380290108590"
"017390","서울가스","KOSPI","전기·가스","63100","-1200","-1.87","312345000000"
"031210","서울보증보험","KOSPI","보험","46400","-750","-1.59","3239722147200"
"004410","서울식품","KOSPI","음식료·담배","158","0","0.00","62338921488"
"004415","서울식품우","KOSPI","음식료·담배","1193","0","0.00","2653828500"
"021050","서원","KOSPI","금속","1733","-116","-6.27","82273464470"
"008490","서흥","KOSPI","화학","19360","-790","-3.92","223978027680"
"007610","선도전기","KOSPI","전기·전자","12740","1760","16.03","229320000000"
"136490","선진","KOSPI","음식료·담배","11260","40","0.36","267758341040"
"014910","성문전자","KOSPI","전기·전자","1821","-87","-4.56","39802064997"
"014915","성문전자우","KOSPI","전기·전자","4490","10","0.22","2694000000"
"004980","성신양회","KOSPI","비금속","11440","-90","-0.78","280463875120"
"004985","성신양회우","KOSPI","비금속","11470","-330","-2.80","8437848150"
"000180","성창기업지주","KOSPI","일반서비스","6850","-300","-4.20","95559692000"
"002420","세기상사","KOSPI","유통","5270","-110","-2.04","31461625960"
"004360","세방","KOSPI","운송·창고","15980","-370","-2.26","305467335940"
"004365","세방우","KOSPI","운송·창고","10550","130","1.25","38921587500"
"004490","세방전지","KOSPI","전기·전자","64900","-2200","-3.28","899514000000"
"001430","세아베스틸지주","KOSPI","금속","71000","-800","-1.11","2546210449000"
"306200","세아제강","KOSPI","금속","179200","-600","-0.33","508264960000"
"003030","세아제강지주","KOSPI","기타금융","220000","-9000","-3.93","911164540000"
"058650","세아홀딩스","KOSPI","금속","155200","-5700","-3.54","669414227200"
"013000","세우글로벌","KOSPI","유통","1295","2","0.15","37173015145"
"021820","세원정공","KOSPI","운송장비·부품","14950","-460","-2.99","149500000000"
"067830","세이브존I&C","KOSPI","유통","3155","-60","-1.87","129484023725"
"075580","세진중공업","KOSPI","운송장비·부품","19520","-780","-3.84","1109701381120"
"068270","셀트리온","KOSPI","제약","194700","-3100","-1.57","43211379416700"
"336370","솔루스첨단소재","KOSPI","전기·전자","13320","-340","-2.49","935295022080"
"33637K","솔루스첨단소재1우","KOSPI","전기·전자","2630","-25","-0.94","44470054580"
"33637L","솔루스첨단소재2우B","KOSPI","전기·전자","3610","-65","-1.77","13639648560"
"248070","솔루엠","KOSPI","전기·전자","23600","2750","13.19","1128463169600"
"004430","송원산업","KOSPI","화학","14930","-820","-5.21","358320000000"
"017550","수산세보틱스","KOSPI","기계·장비","3115","35","1.14","194373289950"
"126720","수산인더스트리","KOSPI","건설","34100","-1600","-4.48","487152600000"
"053210","스카이라이프","KOSPI","오락·문화","4765","-125","-2.56","226446880575"
"204210","스타에스엠리츠","KOSPI","부동산","2035","0","0.00","15927568525"
"026890","스틱인베스트먼트","KOSPI","기타금융","9760","-210","-2.11","378403369120"
"134790","시디즈","KOSPI","기타제조","19280","-60","-0.31","38560000000"
"462870","시프트업","KOSPI","IT 서비스","32900","-450","-1.35","1929727786000"
"016590","신대양제지","KOSPI","종이·목재","12310","-420","-3.30","496066164200"
"029530","신도리코","KOSPI","전기·전자","48900","-850","-1.71","475099148100"
"004970","신라교역","KOSPI","농업, 임업 및 어업","9490","-110","-1.15","151840000000"
"011930","신성이엔지","KOSPI","전기·전자","3995","0","0.00","822363363245"
"004170","신세계","KOSPI","유통","410000","-500","-0.12","3872524210000"
"035510","신세계 I&C","KOSPI","IT 서비스","20300","-500","-2.40","283812270000"
"031430","신세계인터내셔날","KOSPI","유통","14300","-560","-3.77","500299800000"
"031440","신세계푸드","KOSPI","일반서비스","50600","-1000","-1.94","195947488000"
"006880","신송홀딩스","KOSPI","유통","6880","-310","-4.31","81382543040"
"005800","신영와코루","KOSPI","섬유·의류","14970","-130","-0.86","134730000000"
"001720","신영증권","KOSPI","증권","212500","6000","2.91","3493500000000"
"009270","신원","KOSPI","섬유·의류","1418","0","0.00","162744417274"
"002700","신일전자","KOSPI","유통","1440","-25","-1.71","100868430240"
"002870","신풍","KOSPI","유통","1075","-40","-3.59","37580602500"
"019170","신풍제약","KOSPI","제약","11140","-300","-2.62","583942335080"
"019175","신풍제약우","KOSPI","제약","18900","-50","-0.26","37634247000"
"481850","신한글로벌액티브리츠","KOSPI","기타금융","1109","-15","-1.33","48216729376"
"404990","신한서부티엔디리츠","KOSPI","부동산","4240","-200","-4.50","255600483920"
"293940","신한알파리츠","KOSPI","부동산","5720","-150","-2.56","691777503560"
"055550","신한지주","KOSPI","기타금융","97300","-700","-0.71","46183869325300"
"004080","신흥","KOSPI","유통","13990","20","0.14","131506000000"
"004770","써니전자","KOSPI","전기·전자","1769","-71","-3.86","62812657822"
"403550","쏘카","KOSPI","일반서비스","14420","-2040","-12.39","473580226840"
"004920","씨아이테크","KOSPI","전기·전자","1229","22","1.82","64129062688"
"112610","씨에스윈드","KOSPI","금속","66900","-2800","-4.02","2821266860700"
"480370","씨케이솔루션","KOSPI","기계·장비","2695","125","4.86","87537394560"
"308170","씨티알모빌리티","KOSPI","운송장비·부품","5100","-130","-2.49","43911000000"
"008700","아남전자","KOSPI","전기·전자","1432","-56","-3.76","110442742240"
"090430","아모레퍼시픽","KOSPI","화학","130000","-4300","-3.20","7604058670000"
"090435","아모레퍼시픽우","KOSPI","화학","46500","-1600","-3.33","490939095000"
"002790","아모레퍼시픽홀딩스","KOSPI","화학","27400","-1150","-4.03","2094954132000"
"00279K","아모레퍼시픽홀딩스3우C","KOSPI","화학","23850","-400","-1.65","169148970000"
"002795","아모레퍼시픽홀딩스우","KOSPI","화학","12020","-140","-1.15","76701687440"
"002030","아세아","KOSPI","일반서비스","270000","-5000","-1.82","555890040000"
"183190","아세아시멘트","KOSPI","비금속","11340","-320","-2.74","413982893520"
"002310","아세아제지","KOSPI","종이·목재","8690","-230","-2.58","342816241900"
"012170","아센디오","KOSPI","오락·문화","1283","-31","-2.36","24881598768"
"267850","아시아나IDT","KOSPI","IT 서비스","10550","-310","-2.85","117105000000"
"020560","아시아나항공","KOSPI","운송·창고","6990","-40","-0.57","1439875069890"
"122900","아이마켓코리아","KOSPI","유통","7460","-90","-1.19","249379146400"
"010780","아이에스동서","KOSPI","비금속","25000","-1050","-4.03","754674400000"
"031820","아이티센씨티에스","KOSPI","IT 서비스","7830","300","3.98","94783293180"
"139990","아주스틸","KOSPI","금속","3595","-125","-3.36","139325713330"
"009320","아진전자부품","KOSPI","운송장비·부품","1129","-39","-3.34","55659440330"
"001780","알루코","KOSPI","금속","2985","-115","-3.71","289037944020"
"018250","애경산업","KOSPI","화학","14470","-350","-2.36","382151759450"
"161000","애경케미칼","KOSPI","화학","15540","430","2.85","756000937860"
"011090","에넥스","KOSPI","기타제조","428","0","0.00","25676422348"
"137310","에스디바이오센서","KOSPI","의료·정밀기기","7930","-280","-3.41","957540378860"
"005850","에스엘","KOSPI","운송장비·부품","62800","-900","-1.41","2916967056000"
"010580","에스엠벡셀","KOSPI","운송장비·부품","2135","-20","-0.93","237522507600"
"012750","에스원","KOSPI","일반서비스","73400","-4900","-6.26","2789139665200"
"023960","에쓰씨엔지니어링","KOSPI","건설","1251","-62","-4.72","47583004725"
"298690","에어부산","KOSPI","운송·창고","1970","-50","-2.48","229780800000"
"140910","에이리츠","KOSPI","부동산","3130","0","0.00","13969290160"
"078520","에이블씨엔씨","KOSPI","화학","13630","-620","-4.35","354573014430"
"015260","에이엔피","KOSPI","전기·전자","721","-23","-3.09","33971280574"
"007460","에이프로젠","KOSPI","제약","293","0","0.00","96486373790"
"003060","에이프로젠바이오로직스","KOSPI","제약","251","0","0.00","49800369095"
"244920","에이플러스에셋","KOSPI","기타금융","10030","-430","-4.11","226755160790"
"278470","에이피알","KOSPI","화학","422000","-6500","-1.52","15798901410000"
"450080","에코프로머티","KOSPI","전기·전자","83200","-1600","-1.89","5870488332800"
"019490","엑시큐어하이트론","KOSPI","전기·전자","541","0","0.00","41349858070"
"085310","엔케이","KOSPI","금속","1169","0","0.00","92211096418"
"900140","엘브이엠씨홀딩스","KOSPI","유통","1703","8","0.47","329088455696"
"066970","엘앤에프","KOSPI","전기·전자","212500","-500","-0.23","8577733137500"
"097520","엠씨넥스","KOSPI","전기·전자","22900","-650","-2.76","398494350000"
"484870","엠앤씨솔루션","KOSPI","기계·장비","113500","-1000","-0.87","1038967650000"
"014440","영보화학","KOSPI","화학","4730","-65","-1.36","94600000000"
"111770","영원무역","KOSPI","유통","81500","-4000","-4.68","3611384642000"
"009970","영원무역홀딩스","KOSPI","기타금융","203000","-8500","-4.02","2740345111000"
"003520","영진약품","KOSPI","제약","1719","-32","-1.83","314392604589"
"000670","영풍","KOSPI","금속","70000","2500","3.70","1288747810000"
"012280","영화금속","KOSPI","운송장비·부품","1049","-37","-3.41","54196065745"
"012160","영흥","KOSPI","금속","519","-5","-0.95","52580083068"
"007310","오뚜기","KOSPI","음식료·담배","357000","-7000","-1.92","1430795310000"
"002630","오리엔트바이오","KOSPI","제약","518","-13","-2.45","61425996590"
"271560","오리온","KOSPI","음식료·담배","139200","-3600","-2.52","5503429574400"
"001800","오리온홀딩스","KOSPI","기타금융","24200","-700","-2.81","1516019212400"
"005320","온타이드","KOSPI","유통","588","0","0.00","40204905720"
"011690","와이투솔루션","KOSPI","전기·전자","8940","40","0.45","328137282360"
"316140","우리금융지주","KOSPI","기타금융","32600","-700","-2.10","23930888032000"
"006980","우성","KOSPI","음식료·담배","24200","300","1.26","74778000000"
"011300","우성머티리얼스","KOSPI","섬유·의류","2850","-240","-7.77","45190685850"
"017370","우신시스템","KOSPI","기계·장비","5960","-220","-3.56","109151761840"
"105840","우진","KOSPI","의료·정밀기기","28200","-500","-1.74","569574294000"
"010400","우진아이엔에스","KOSPI","건설","4090","-105","-2.50","31173980000"
"049800","우진플라임","KOSPI","기계·장비","2660","-65","-2.39","53200000000"
"016880","웅진","KOSPI","일반서비스","2840","-95","-3.24","226992907200"
"095720","웅진씽크빅","KOSPI","일반서비스","1154","0","0.00","131156913334"
"005820","원림","KOSPI","섬유·의류","17200","-330","-1.88","39525084000"
"008600","윌비스","KOSPI","유통","2620","0","0.00","17615839860"
"033270","유나이티드제약","KOSPI","제약","19720","-330","-1.65","313760483000"
"014830","유니드","KOSPI","화학","88500","-2000","-2.21","598932600000"
"446070","유니드비티플러스","KOSPI","종이·목재","2990","-170","-5.38","31727532850"
"000910","유니온","KOSPI","비금속","4545","45","1.00","70954808355"
"047400","유니온머티리얼","KOSPI","비금속","1845","89","5.07","77490000000"
"011330","유니켐","KOSPI","운송장비·부품","590","-22","-3.59","53210823830"
"077500","유니퀘스트","KOSPI","유통","8350","-150","-1.76","180360851700"
"002920","유성기업","KOSPI","운송장비·부품","1849","-45","-2.38","47976927500"
"000700","유수홀딩스","KOSPI","일반서비스","6040","-80","-1.31","157292544480"
"003470","유안타증권","KOSPI","증권","7830","1800","29.85","1562841190080"
"003475","유안타증권우","KOSPI","증권","5250","550","11.70","67789113000"
"072130","유엔젤","KOSPI","IT 서비스","5180","20","0.39","65762451720"
"000220","유유제약","KOSPI","제약","4120","-125","-2.94","70173286120"
"000225","유유제약1우","KOSPI","제약","4400","-60","-1.35","9974492000"
"000227","유유제약2우B","KOSPI","제약","10860","40","0.37","3535581600"
"001200","유진투자증권","KOSPI","증권","6400","420","7.02","619945075200"
"000100","유한양행","KOSPI","제약","87800","-2700","-2.98","6993059367800"
"000105","유한양행우","KOSPI","제약","73700","-1600","-2.12","87035278000"
"003460","유화증권","KOSPI","증권","3825","165","4.51","216886737375"
"003465","유화증권우","KOSPI","증권","3465","50","1.46","60555812625"
"008730","율촌화학","KOSPI","화학","25400","-600","-2.31","629920000000"
"008250","이건산업","KOSPI","종이·목재","3870","-125","-3.13","42386697450"
"025820","이구산업","KOSPI","금속","6410","-130","-1.99","214363220000"
"214320","이노션","KOSPI","일반서비스","19310","-290","-1.48","772400000000"
"088260","이리츠코크렙","KOSPI","부동산","4510","-190","-4.04","285670570900"
"139480","이마트","KOSPI","유통","103300","-2600","-2.46","2850648102700"
"457190","이수스페셜티케미컬","KOSPI","화학","121800","-1800","-1.46","3680658609600"
"007660","이수페타시스","KOSPI","전기·전자","151600","2600","1.74","11128837600400"
"005950","이수화학","KOSPI","화학","10850","-420","-3.73","285291733650"
"015020","이스타코","KOSPI","부동산","464","0","0.00","19883142400"
"074610","이엔플러스","KOSPI","기계·장비","5110","0","0.00","44815400070"
"102460","이연제약","KOSPI","제약","10310","-270","-2.55","191630021410"
"084680","이월드","KOSPI","기타제조","1894","-37","-1.92","268580929542"
"350520","이지스레지던스리츠","KOSPI","부동산","3760","-45","-1.18","138616919520"
"334890","이지스밸류플러스리츠","KOSPI","부동산","4015","-60","-1.47","278836462245"
"000760","이화산업","KOSPI","유통","15910","-90","-0.56","44548000000"
"014990","인디에프","KOSPI","섬유·의류","759","-34","-4.29","57010763205"
"101140","인바이오젠","KOSPI","유통","7950","-420","-5.02","79851517200"
"006490","인스코비","KOSPI","통신","449","3","0.67","65502866533"
"023800","인지컨트롤스","KOSPI","운송장비·부품","8210","-180","-2.15","129793507370"
"034590","인천도시가스","KOSPI","전기·가스","26800","-50","-0.19","117243407200"
"129260","인터지스","KOSPI","운송·창고","2435","-45","-1.81","72436073190"
"023810","인팩","KOSPI","운송장비·부품","8770","-460","-4.98","87700000000"
"249420","일동제약","KOSPI","제약","24650","-1300","-5.01","779882911800"
"000230","일동홀딩스","KOSPI","제약","9250","-530","-5.42","106748700000"
"013360","일성건설","KOSPI","건설","1752","-80","-4.37","94651589760"
"003120","일성아이에스","KOSPI","제약","22200","-550","-2.42","295260000000"
"003200","일신방직","KOSPI","섬유·의류","13020","-270","-2.03","298939200000"
"007110","일신석재","KOSPI","유통","1665","-51","-2.97","128965255650"
"007570","일양약품","KOSPI","제약","10440","-560","-5.09","199254332160"
"007575","일양약품우","KOSPI","제약","10480","-270","-2.51","4664438400"
"008500","일정실업","KOSPI","섬유·의류","2430","-165","-6.36","14580000000"
"081000","일진다이아","KOSPI","화학","14300","-460","-3.12","203102542500"
"020760","일진디스플","KOSPI","전기·전자","902","0","0.00","50984432422"
"103590","일진전기","KOSPI","전기·전자","142200","-1900","-1.32","6780862458000"
"271940","일진하이솔루스","KOSPI","운송장비·부품","18940","900","4.99","687771818600"
"015860","일진홀딩스","KOSPI","기타금융","13620","210","1.57","672112718460"
"226320","잇츠한불","KOSPI","화학","12300","-200","-1.60","269730574500"
"317400","자이에스앤디","KOSPI","부동산","4475","-210","-4.48","173551777000"
"033240","자화전자","KOSPI","전기·전자","46350","-1350","-2.83","1001415017700"
"000950","전방","KOSPI","섬유·의류","33150","-750","-2.21","55692000000"
"079900","전진건설로봇","KOSPI","기계·장비","62700","-1200","-1.88","914952571500"
"348950","제이알글로벌리츠","KOSPI","부동산","1182","0","0.00","233298432000"
"194370","제이에스코퍼레이션","KOSPI","섬유·의류","14450","-310","-2.10","419292153100"
"030000","제일기획","KOSPI","일반서비스","19110","-640","-3.24","2198437809750"
"271980","제일약품","KOSPI","제약","13610","-350","-2.51","200133307920"
"001560","제일연마","KOSPI","비금속","11410","-250","-2.14","86716000000"
"002620","제일파마홀딩스","KOSPI","일반서비스","8640","-190","-2.15","138009787200"
"006220","제주은행","KOSPI","은행","12510","40","0.32","472859948070"
"089590","제주항공","KOSPI","운송·창고","5180","-140","-2.63","417720302300"
"004910","조광페인트","KOSPI","화학","4500","-325","-6.74","57600000000"
"004700","조광피혁","KOSPI","섬유·의류","66900","-2000","-2.90","444827332200"
"001550","조비","KOSPI","화학","15010","-640","-4.09","77935507390"
"462520","조선내화","KOSPI","비금속","14560","-170","-1.15","172611246080"
"120030","조선선재","KOSPI","금속","98200","-1300","-1.31","123501328200"
"018470","조일알미늄","KOSPI","금속","1705","-65","-3.67","215907084305"
"002600","조흥","KOSPI","음식료·담배","146100","-2800","-1.88","87660000000"
"185750","종근당","KOSPI","제약","83100","-3000","-3.48","1147011018000"
"063160","종근당바이오","KOSPI","제약","19050","-450","-2.31","104507576100"
"001630","종근당홀딩스","KOSPI","제약","48700","-1100","-2.21","243980230700"
"109070","주성코퍼레이션","KOSPI","전기·전자","1570","-100","-5.99","82912061100"
"044380","주연테크","KOSPI","전기·전자","430","0","0.00","27727080260"
"013890","지누스","KOSPI","기타제조","12700","-180","-1.40","282633115200"
"013870","지엠비코리아","KOSPI","운송장비·부품","4725","-160","-3.28","90116523000"
"071320","지역난방공사","KOSPI","전기·가스","73600","-2700","-3.54","852195558400"
"088790","진도","KOSPI","유통","2570","-95","-3.56","31990702080"
"003780","진양산업","KOSPI","화학","5520","-190","-3.33","71760000000"
"010640","진양폴리","KOSPI","화학","2365","-25","-1.05","39495500000"
"100250","진양홀딩스","KOSPI","화학","3075","-10","-0.32","196492500000"
"051630","진양화학","KOSPI","화학","2015","-125","-5.84","42718000000"
"272450","진에어","KOSPI","운송·창고","6170","-130","-2.06","322074000000"
"011000","진원생명과학","KOSPI","제약","809","-28","-3.35","73524271763"
"002780","진흥기업","KOSPI","건설","1338","-22","-1.62","194641194810"
"002787","진흥기업2우B","KOSPI","건설","8470","-20","-0.24","2497023760"
"002785","진흥기업우B","KOSPI","건설","3480","30","0.87","2983118640"
"025620","차AI헬스케어","KOSPI","화학","8010","-460","-5.43","145813823730"
"009310","참엔지니어링","KOSPI","기계·장비","1065","0","0.00","23307603810"
"000650","천일고속","KOSPI","운송·창고","192700","-6100","-3.07","275410694000"
"033250","체시스","KOSPI","운송장비·부품","999","0","0.00","31968000000"
"035720","카카오","KOSPI","IT 서비스","46300","-800","-1.70","20510946068500"
"323410","카카오뱅크","KOSPI","은행","25000","600","2.46","11928010925000"
"377300","카카오페이","KOSPI","기타금융","63300","7300","13.04","8561031731100"
"006380","카프로","KOSPI","화학","3660","0","0.00","618539985360"
"279570","케이뱅크","KOSPI","은행","6080","-210","-3.34","2466626518080"
"001620","케이비아이동국실업","KOSPI","운송장비·부품","642","0","0.00","71450125902"
"029460","케이씨","KOSPI","의료·정밀기기","39800","300","0.76","438617293000"
"281820","케이씨텍","KOSPI","의료·정밀기기","69700","3200","4.81","1379966671700"
"381970","케이카","KOSPI","유통","10170","-630","-5.83","496508024160"
"145270","케이탑리츠","KOSPI","부동산","889","-8","-0.89","42726028086"
"417310","코람코더원리츠","KOSPI","부동산","10200","-10","-0.10","412080000000"
"357120","코람코라이프인프라리츠","KOSPI","부동산","4395","-190","-4.14","427788880830"
"007815","코리아써우","KOSPI","전기·전자","23850","1850","8.41","70707856500"
"007810","코리아써키트","KOSPI","전기·전자","94900","3500","3.83","2275950638000"
"00781K","코리아써키트2우B","KOSPI","전기·전자","18140","1100","6.46","14216299860"
"003690","코리안리","KOSPI","보험","12040","-130","-1.07","2127721213240"
"192820","코스맥스","KOSPI","화학","209000","0","0.00","2372047381000"
"044820","코스맥스비티아이","KOSPI","기타금융","17920","-480","-2.61","172102264320"
"005070","코스모신소재","KOSPI","화학","64000","1300","2.07","2125732544000"
"005420","코스모화학","KOSPI","화학","18260","-150","-0.81","701334243280"
"071950","코아스","KOSPI","기타제조","1411","1","0.07","17579924145"
"002020","코오롱","KOSPI","기타금융","71000","1100","1.57","916445280000"
"003070","코오롱글로벌","KOSPI","건설","10840","-300","-2.69","275595715560"
"003075","코오롱글로벌우","KOSPI","건설","15150","-490","-3.13","11222165550"
"002025","코오롱우","KOSPI","기타금융","31050","-50","-0.16","36031568850"
"120110","코오롱인더","KOSPI","화학","95600","1800","1.92","2862840659200"
"120115","코오롱인더우","KOSPI","화학","31050","700","2.31","85942053000"
"021240","코웨이","KOSPI","일반서비스","83200","-3500","-4.04","5887849843200"
"036420","콘텐트리중앙","KOSPI","오락·문화","5800","-190","-3.17","111721386400"
"024720","콜마홀딩스","KOSPI","기타금융","9580","-240","-2.44","328558161220"
"192400","쿠쿠홀딩스","KOSPI","기타금융","28800","-250","-0.86","1024190928000"
"284740","쿠쿠홈시스","KOSPI","일반서비스","24000","-500","-2.04","538495920000"
"264900","크라운제과","KOSPI","음식료·담배","8550","-100","-1.16","107078917500"
"26490K","크라운제과우","KOSPI","음식료·담배","9240","-130","-1.39","7147694400"
"005740","크라운해태홀딩스","KOSPI","기타금융","7180","-10","-0.14","106603951460"
"005745","크라운해태홀딩스우","KOSPI","기타금융","7500","20","0.27","4505445000"
"259960","크래프톤","KOSPI","IT 서비스","284000","-4500","-1.56","13463961744000"
"020120","키다리스튜디오","KOSPI","IT 서비스","3750","-80","-2.09","138989122500"
"039490","키움증권","KOSPI","증권","484500","62000","14.67","12707619102000"
"014580","태경비케이","KOSPI","비금속","4820","-15","-0.31","132950542000"
"015890","태경산업","KOSPI","화학","5000","-80","-1.57","146143750000"
"006890","태경케미컬","KOSPI","화학","8690","-120","-1.36","100804000000"
"003240","태광산업","KOSPI","화학","1162000","-28000","-2.35","1293770800000"
"011280","태림포장","KOSPI","종이·목재","2005","-70","-3.37","141965909700"
"004100","태양금속","KOSPI","운송장비·부품","3200","-210","-6.16","117440000000"
"004105","태양금속우","KOSPI","운송장비·부품","4050","-100","-2.41","13365000000"
"009410","태영건설","KOSPI","건설","1897","-75","-3.80","564528377966"
"009415","태영건설우","KOSPI","건설","11060","250","2.31","7188712440"
"001420","태원물산","KOSPI","운송장비·부품","3045","10","0.33","23142000000"
"055490","테이팩스","KOSPI","화학","21050","-50","-0.24","100401132500"
"078000","텔코웨어","KOSPI","IT 서비스","16850","-120","-0.71","155695297450"
"214420","토니모리","KOSPI","화학","7310","-240","-3.18","175840580690"
"091810","트리니티항공","KOSPI","운송·창고","896","-14","-1.54","370020658560"
"019180","티에이치엔","KOSPI","전기·전자","7480","-30","-0.40","134640000000"
"217590","티엠씨","KOSPI","전기·전자","32000","1050","3.39","771015200000"
"363280","티와이홀딩스","KOSPI","기타금융","2750","-50","-1.79","138680487000"
"36328K","티와이홀딩스우","KOSPI","기타금융","4040","-25","-0.62","5021776560"
"004870","티웨이홀딩스","KOSPI","비금속","251","-17","-6.34","28404036994"
"034230","파라다이스","KOSPI","오락·문화","15420","-430","-2.71","1428345070440"
"005690","파미셀","KOSPI","전기·전자","20100","-150","-0.74","1206340976400"
"036580","팜스코","KOSPI","음식료·담배","3530","-30","-0.84","129649638790"
"004720","팜젠사이언스","KOSPI","제약","4000","-150","-3.61","87818008000"
"028670","팬오션","KOSPI","운송·창고","5620","-20","-0.35","3004280657440"
"010820","퍼스텍","KOSPI","금속","13440","-830","-5.82","655494846720"
"016800","퍼시스","KOSPI","기타제조","35150","-750","-2.09","404225000000"
"001020","페이퍼코리아","KOSPI","종이·목재","674","0","0.00","119960752962"
"090080","평화산업","KOSPI","운송장비·부품","1004","-27","-2.62","55121868036"
"010770","평화홀딩스","KOSPI","운송장비·부품","3995","-70","-1.72","58428736670"
"022100","포스코DX","KOSPI","일반서비스","34550","-800","-2.26","5252799886950"
"058430","포스코스틸리온","KOSPI","금속","7780","-330","-4.07","466800000000"
"047050","포스코인터내셔널","KOSPI","유통","83600","-3700","-4.24","14707145076800"
"003670","포스코퓨처엠","KOSPI","전기·전자","288500","21500","8.05","25660984470000"
"017810","풀무원","KOSPI","음식료·담배","11430","-630","-5.22","435717795060"
"103140","풍산","KOSPI","금속","99300","-1000","-1.00","2782810805400"
"005810","풍산홀딩스","KOSPI","기타금융","44800","-1400","-3.03","645894681600"
"950210","프레스티지바이오파마","KOSPI","일반서비스","8210","-390","-4.53","493389432550"
"009810","플레이그램","KOSPI","유통","1178","0","0.00","35784695000"
"086790","하나금융지주","KOSPI","기타금융","125500","-1100","-0.87","34433152374000"
"293480","하나제약","KOSPI","제약","9780","-70","-0.71","173819411880"
"039130","하나투어","KOSPI","일반서비스","41100","-700","-1.67","636636205200"
"352820","하이브","KOSPI","오락·문화","246500","-11000","-4.27","10624704378500"
"071090","하이스틸","KOSPI","금속","4530","-80","-1.74","91467363630"
"000080","하이트진로","KOSPI","음식료·담배","16830","-240","-1.41","1180348673130"
"000087","하이트진로2우B","KOSPI","음식료·담배","14030","-50","-0.36","15855836140"
"000140","하이트진로홀딩스","KOSPI","기타금융","9100","-100","-1.09","211181561500"
"000145","하이트진로홀딩스우","KOSPI","기타금융","11420","-730","-6.01","5376650200"
"036460","한국가스공사","KOSPI","전기·가스","37850","-750","-1.94","3494047050000"
"005430","한국공항","KOSPI","운송·창고","63600","4900","8.35","201380178000"
"071050","한국금융지주","KOSPI","기타금융","291500","29500","11.26","16244126668000"
"071055","한국금융지주우","KOSPI","기타금융","193200","11300","6.21","1131814093200"
"010040","한국내화","KOSPI","비금속","1950","-40","-2.01","80080770900"
"025540","한국단자","KOSPI","전기·전자","88100","-500","-0.56","891131500000"
"010100","한국무브넥스","KOSPI","운송장비·부품","4450","-70","-1.55","135504369000"
"004090","한국석유","KOSPI","비금속","15160","-340","-2.19","192442859200"
"002200","한국수출포장","KOSPI","종이·목재","2800","-5","-0.18","106400000000"
"002960","한국쉘석유","KOSPI","화학","482500","-13000","-2.62","627250000000"
"000240","한국앤컴퍼니","KOSPI","기타금융","24300","-1000","-3.95","2306926332000"
"123890","한국자산신탁","KOSPI","기타금융","2550","-70","-2.67","312053511300"
"015760","한국전력","KOSPI","전기·가스","45050","550","1.24","28920481668850"
"006200","한국전자홀딩스","KOSPI","기타금융","801","0","0.00","37489311936"
"027970","한국제지","KOSPI","종이·목재","745","-18","-2.36","141682786565"
"023350","한국종합기술","KOSPI","일반서비스","5180","-150","-2.81","56721000000"
"025890","한국주강","KOSPI","기계·장비","2225","20","0.91","25163101275"
"000970","한국주철관","KOSPI","금속","7090","-210","-2.88","161655545000"
"104700","한국철강","KOSPI","금속","10260","-130","-1.25","373977000000"
"017960","한국카본","KOSPI","금속","47750","-1050","-2.15","2496303150000"
"161890","한국콜마","KOSPI","화학","86900","-1800","-2.03","2051281191300"
"161390","한국타이어앤테크놀로지","KOSPI","화학","59500","-2000","-3.25","7370566605500"
"034830","한국토지신탁","KOSPI","기타금융","1560","-26","-1.64","393883198800"
"007280","한국특강","KOSPI","금속","1524","0","0.00","92679485964"
"047810","한국항공우주","KOSPI","운송장비·부품","176600","-3400","-1.89","17214103896200"
"123690","한국화장품","KOSPI","유통","8650","-190","-2.15","138988200000"
"003350","한국화장품제조","KOSPI","화학","9990","-100","-0.99","226373400000"
"011500","한농화성","KOSPI","화학","24600","900","3.80","384671233200"
"002390","한독","KOSPI","제약","10080","-80","-0.79","138736412640"
"053690","한미글로벌","KOSPI","일반서비스","27050","-650","-2.35","296401727500"
"042700","한미반도체","KOSPI","기계·장비","394500","16500","4.37","37600662900000"
"008930","한미사이언스","KOSPI","기타금융","36750","-1300","-3.42","2513389462500"
"128940","한미약품","KOSPI","제약","434500","-10500","-2.36","5566375589500"
"009240","한샘","KOSPI","유통","39950","-1900","-4.54","940180423600"
"020000","한섬","KOSPI","섬유·의류","25450","-950","-3.60","571040661150"
"003680","한성기업","KOSPI","음식료·담배","5040","-90","-1.75","31295955600"
"105630","한세실업","KOSPI","섬유·의류","11280","-330","-2.84","451200000000"
"069640","한세엠케이","KOSPI","유통","666","0","0.00","29841130332"
"016450","한세예스24홀딩스","KOSPI","섬유·의류","4530","30","0.67","181200000000"
"009180","한솔로지스틱스","KOSPI","운송·창고","3460","110","3.28","97419154500"
"213500","한솔제지","KOSPI","종이·목재","7970","-310","-3.74","189690590720"
"014680","한솔케미칼","KOSPI","화학","293000","6500","2.27","3331467135000"
"004710","한솔테크닉스","KOSPI","전기·전자","7900","-360","-4.36","251140036200"
"004150","한솔홀딩스","KOSPI","기타금융","3400","25","0.74","139490508000"
"025750","한솔홈데코","KOSPI","종이·목재","2595","-85","-3.17","41813310255"
"004960","한신공영","KOSPI","건설","16290","1870","12.97","188486735580"
"011700","한신기계","KOSPI","기계·장비","5190","225","4.53","168395523690"
"001750","한양증권","KOSPI","증권","29950","800","2.74","381219593300"
"001755","한양증권우","KOSPI","증권","29950","300","1.01","15723750000"
"018880","한온시스템","KOSPI","기계·장비","5410","560","11.55","5552080406320"
"009420","한올바이오파마","KOSPI","제약","44950","-1350","-2.92","2348216678100"
"014130","한익스프레스","KOSPI","운송·창고","2635","-125","-4.53","31620000000"
"300720","한일시멘트","KOSPI","비금속","16800","-500","-2.89","1235559511200"
"002220","한일철강","KOSPI","금속","5540","-200","-3.48","147903928400"
"003300","한일홀딩스","KOSPI","비금속","17010","-390","-2.24","524467356840"
"051600","한전KPS","KOSPI","건설","59900","-1500","-2.44","2695500000000"
"052690","한전기술","KOSPI","일반서비스","182000","-4300","-2.31","6956040000000"
"130660","한전산업","KOSPI","일반서비스","20500","-100","-0.49","668300000000"
"002320","한진","KOSPI","운송·창고","19000","-230","-1.20","294853704000"
"003480","한진중공업홀딩스","KOSPI","전기·가스","6450","60","0.94","190467287400"
"180640","한진칼","KOSPI","기타금융","109700","-2600","-2.32","7323822006300"
"18064K","한진칼우","KOSPI","기타금융","31800","-1000","-3.05","17069158800"
"005110","한창","KOSPI","유통","1254","0","0.00","26467434378"
"009460","한창제지","KOSPI","종이·목재","544","0","0.00","32459112384"
"372910","한컴라이프케어","KOSPI","의료·정밀기기","2465","-60","-2.38","68217410790"
"000880","한화","KOSPI","화학","140600","700","0.50","9913413411400"
"00088K","한화3우B","KOSPI","화학","50900","400","0.79","987686046900"
"452260","한화갤러리아","KOSPI","유통","3060","35","1.16","593210406600"
"45226K","한화갤러리아우","KOSPI","유통","7390","220","3.07","21464033300"
"451800","한화리츠","KOSPI","부동산","5340","-330","-5.82","959064000000"
"489790","한화비전","KOSPI","전기·전자","89700","1000","1.13","4528808583000"
"088350","한화생명","KOSPI","보험","5250","210","4.17","4559782500000"
"000370","한화손해보험","KOSPI","보험","7090","240","3.50","827678907350"
"009830","한화솔루션","KOSPI","화학","48100","-1800","-3.61","8268030981600"
"009835","한화솔루션우","KOSPI","화학","28000","-1000","-3.45","72109772000"
"272210","한화시스템","KOSPI","전기·전자","122200","2500","2.09","23085949335800"
"012450","한화에어로스페이스","KOSPI","운송장비·부품","1433000","-32000","-2.18","73890353633000"
"082740","한화엔진","KOSPI","기계·장비","84500","-5000","-5.59","7051283499000"
"042660","한화오션","KOSPI","운송장비·부품","130200","-2800","-2.11","39895023898800"
"003530","한화투자증권","KOSPI","증권","9370","1180","14.41","2010312651750"
"003535","한화투자증권우","KOSPI","증권","9880","430","4.55","47424000000"
"195870","해성디에스","KOSPI","전기·전자","78000","-1500","-1.89","1326000000000"
"101530","해태제과식품","KOSPI","음식료·담배","6400","-90","-1.39","186347660800"
"143210","핸즈코퍼레이션","KOSPI","운송장비·부품","1199","0","0.00","26229020653"
"000720","현대건설","KOSPI","건설","163700","4300","2.70","18228938730500"
"000725","현대건설우","KOSPI","건설","72800","-800","-1.09","76781650400"
"453340","현대그린푸드","KOSPI","유통","16900","550","3.36","549282380400"
"086280","현대글로비스","KOSPI","운송·창고","220000","-5500","-2.44","16500000000000"
"064350","현대로템","KOSPI","운송장비·부품","262000","-7000","-2.60","28595280766000"
"079430","현대리바트","KOSPI","기타제조","7890","-170","-2.11","162023374980"
"012330","현대모비스","KOSPI","운송장비·부품","432500","1000","0.23","39241842147500"
"069960","현대백화점","KOSPI","유통","107700","-4000","-3.58","2437123160100"
"004560","현대비앤지스틸","KOSPI","금속","17270","-230","-1.31","260411065970"
"004310","현대약품","KOSPI","제약","8230","-360","-4.19","263360000000"
"017800","현대엘리베이터","KOSPI","기계·장비","97000","-3100","-3.10","3791961345000"
"307950","현대오토에버","KOSPI","IT 서비스","441000","-5000","-1.12","12093976062000"
"011210","현대위아","KOSPI","운송장비·부품","81700","-1200","-1.45","2221838281100"
"004020","현대제철","KOSPI","금속","41900","-1150","-2.67","5591378391500"
"005440","현대지에프홀딩스","KOSPI","기타금융","15050","330","2.24","2346359730050"
"005380","현대차","KOSPI","운송장비·부품","550000","11000","2.04","112616771300000"
"005387","현대차2우B","KOSPI","운송장비·부품","250500","1000","0.40","8758464465000"
"005389","현대차3우B","KOSPI","운송장비·부품","242500","1500","0.62","564407110000"
"005385","현대차우","KOSPI","운송장비·부품","252500","3500","1.41","5893592400000"
"001500","현대차증권","KOSPI","증권","12940","1290","11.07","800119589360"
"011760","현대코퍼레이션","KOSPI","유통","29500","-600","-1.99","390254497000"
"227840","현대코퍼레이션홀딩스","KOSPI","유통","13790","-400","-2.82","125500528440"
"126560","현대퓨처넷","KOSPI","통신","3310","-20","-0.60","364771747950"
"001450","현대해상","KOSPI","보험","30800","-450","-1.44","2625646100000"
"057050","현대홈쇼핑","KOSPI","유통","86800","1300","1.52","1041600000000"
"093240","형지엘리트","KOSPI","섬유·의류","917","-38","-3.98","56294867503"
"003010","혜인","KOSPI","유통","6940","-320","-4.41","88226464180"
"111110","호전실업","KOSPI","섬유·의류","7620","-220","-2.81","71445120000"
"008770","호텔신라","KOSPI","유통","63900","-900","-1.39","2507954931900"
"008775","호텔신라우","KOSPI","유통","39500","-450","-1.13","29699220500"
"378850","화승알앤에이","KOSPI","운송장비·부품","3455","-105","-2.95","65622967465"
"241590","화승엔터프라이즈","KOSPI","섬유·의류","4700","-175","-3.59","284769597200"
"006060","화승인더","KOSPI","유통","3400","-115","-3.27","188088000000"
"013520","화승코퍼레이션","KOSPI","운송장비·부품","3365","0","0.00","168422462980"
"010690","화신","KOSPI","운송장비·부품","12320","-110","-0.88","430219451200"
"133820","화인베스틸","KOSPI","금속","1500","-99","-6.19","55671753000"
"010660","화천기계","KOSPI","기계·장비","4610","-115","-2.43","101420000000"
"000850","화천기공","KOSPI","기계·장비","38050","-800","-2.06","83710000000"
"016580","환인제약","KOSPI","제약","11600","-330","-2.77","215760812000"
"032560","황금에스티","KOSPI","금속","6160","-150","-2.38","104720000000"
"004800","효성","KOSPI","기타금융","258500","37500","16.97","4327395209500"
"094280","효성ITX","KOSPI","일반서비스","12760","-240","-1.85","147482632000"
"298040","효성중공업","KOSPI","전기·전자","4597000","369000","8.73","42864947156000"
"298020","효성티앤씨","KOSPI","화학","505000","-7000","-1.37","2185479410000"
"298000","효성화학","KOSPI","화학","38900","0","0.00","147501447900"
"093370","후성","KOSPI","화학","14130","0","0.00","1515517812900"
"005870","휴니드","KOSPI","전기·전자","8790","-240","-2.66","124079771850"
"079980","휴비스","KOSPI","화학","3320","-65","-1.92","114540000000"
"005010","휴스틸","KOSPI","금속","6530","-110","-1.66","366908129750"
"000540","흥국화재","KOSPI","보험","4525","55","1.23","290697968625"
"000545","흥국화재우","KOSPI","보험","7000","-180","-2.51","5376000000"
"003280","흥아해운","KOSPI","운송·창고","2795","-85","-2.95","671987592705"